interview,model,note_file,strict_f1,lenient_f1,rouge1_f1,rouge2_f1,rougeL_f1,sari,bertscore_f1,medcon,avg rouge
AVERAGE,deepseek-r1_32b,,0.261215865,0.261215865,0.279666214,0.111289988,0.171890421,0.995780591,0.79,0.537540416,0.19
AVERAGE,deepseek-r1_7b,,0.271568755,0.271568755,0.281883691,0.092231051,0.147088949,1,0.79,0.573182977,0.17
AVERAGE,gemma3_27b,,0.293507627,0.293507627,0.303254341,0.12084253,0.204476298,1,0.81,0.619982837,0.21
AVERAGE,gemma3_4b,,0.554123383,0.554123383,0.210243361,0.093724848,0.140185369,1,0.79,0.53192597,0.15
AVERAGE,llama3.1_8b,,0.281656941,0.281656941,0.315370944,0.132135814,0.205591723,1,0.80,0.642773389,0.22
AVERAGE,llama3.2_3b,,0.283994528,0.283994528,0.307964525,0.119467725,0.180392424,1,0.80,0.597101671,0.20
AVERAGE,mistral-small3.1_24b,,0.277833374,0.277833374,0.308079592,0.133517982,0.200178181,1,0.79,0.623012616,0.21
AVERAGE,qwen2.5_3b,,0.358695918,0.358695918,0.348826126,0.133155757,0.190235679,1,0.80,0.591752177,0.22
AVERAGE,qwen3_32b,,0.262354119,0.262354119,0.266512895,0.085652286,0.159680673,1,0.79,0.535418708,0.17
