{
  "deepseek-r1_7b": 1168.1378670389247,
  "deepseek-r1_32b": 1174.0343885953919,
  "llama3.2_3b": 1181.176346208676,
  "llama3.1_8b": 1213.0010880532243,
  "gemma3_4b": 1100.7062267619801,
  "gemma3_27b": 1314.0961884616293,
  "qwen2.5_3b": 1172.1286040255234,
  "qwen3_32b": 1253.1108606136509,
  "mistral-small3.1_24b": 1223.6084302409995
}