{
  "deepseek-r1_7b": 1146.9967186749705,
  "deepseek-r1_32b": 1149.2256865281713,
  "llama3.2_3b": 1159.7394268525527,
  "llama3.1_8b": 1214.0697833927663,
  "gemma3_4b": 1195.0570959580534,
  "gemma3_27b": 1284.4354562048577,
  "qwen2.5_3b": 1173.7498459123667,
  "qwen3_32b": 1261.7710359182788,
  "mistral-small3.1_24b": 1214.9549505579826
}