{
  "deepseek-r1_7b": 1122.2925741442834,
  "deepseek-r1_32b": 1140.3022369846913,
  "llama3.2_3b": 1160.8880959439264,
  "llama3.1_8b": 1226.996597992486,
  "gemma3_4b": 1108.3370806087478,
  "gemma3_27b": 1362.0841255405692,
  "qwen2.5_3b": 1164.4134926010818,
  "qwen3_32b": 1288.9256665144355,
  "mistral-small3.1_24b": 1225.7601296697787
}