{
  "deepseek-r1_7b": 1183.263693206478,
  "deepseek-r1_32b": 1200,
  "llama3.2_3b": 1216.0,
  "llama3.1_8b": 1184.0,
  "gemma3_4b": 1184.0339081301693,
  "gemma3_27b": 1216.7023986633528,
  "qwen2.5_3b": 1200,
  "qwen3_32b": 1200,
  "mistral-small3.1_24b": 1216.0
}