{
  "deepseek-r1_7b": 1184.0,
  "deepseek-r1_32b": 1184.736306793522,
  "llama3.2_3b": 1184.0,
  "llama3.1_8b": 1231.263693206478,
  "gemma3_4b": 1200,
  "gemma3_27b": 1184.736306793522,
  "qwen2.5_3b": 1200,
  "qwen3_32b": 1200,
  "mistral-small3.1_24b": 1231.263693206478
}